,Bitcoin Price,Gold Price,Market,Risk Free Rate
2015-02-01,228.99,455.8,,0.02
2015-02-02,237.83,,2020.85,
2015-02-03,228.58,,2050.03,
2015-02-04,227.11,,2041.51,
2015-02-05,216.76,,2062.52,
2015-02-06,223.2,,2055.47,
2015-02-07,229.0,,,
2015-02-08,223.99,,,
2015-02-09,221.1,,2046.74,
2015-02-10,220.87,,2068.59,
2015-02-11,219.81,,2068.53,
2015-02-12,223.21,,2088.48,
2015-02-13,236.49,,2096.99,
2015-02-14,256.66,,,
2015-02-15,235.54,,,
2015-02-16,234.68,,,
2015-02-17,244.82,,2100.34,
2015-02-18,237.49,,2099.68,
2015-02-19,240.9,,2097.45,
2015-02-20,245.34,,2110.3,
2015-02-21,245.99,,,
2015-02-22,236.83,,,
2015-02-23,239.49,,2109.66,
2015-02-24,239.87,,2115.48,
2015-02-25,238.19,,2113.86,
2015-02-26,237.11,,2110.74,
2015-02-27,254.42,,2104.5,
2015-02-28,255.59,,,
2015-03-01,260.24,433.9,,0.03
2015-03-02,276.7,,2117.39,
2015-03-03,283.27,,2107.78,
2015-03-04,273.37,,2098.53,
2015-03-05,276.86,,2101.04,
2015-03-06,273.23,,2071.26,
2015-03-07,276.89,,,
2015-03-08,275.5,,,
2015-03-09,290.19,,2079.43,
2015-03-10,293.47,,2044.16,
2015-03-11,296.99,,2040.24,
2015-03-12,296.05,,2065.95,
2015-03-13,284.0,,2053.4,
2015-03-14,283.95,,,
2015-03-15,288.0,,,
2015-03-16,292.37,,2081.19,
2015-03-17,286.74,,2074.28,
2015-03-18,258.5,,2099.5,
2015-03-19,263.05,,2089.27,
2015-03-20,263.31,,2108.1,
2015-03-21,261.9,,,
2015-03-22,269.45,,,
2015-03-23,267.53,,2104.42,
2015-03-24,246.15,,2091.5,
2015-03-25,246.88,,2061.05,
2015-03-26,249.88,,2056.15,
2015-03-27,247.81,,2061.02,
2015-03-28,253.52,,,
2015-03-29,243.69,,,
2015-03-30,248.78,,2086.24,
2015-03-31,245.5,,2067.89,
2015-04-01,247.87,436.7,2059.69,0.02
2015-04-02,254.39,,2066.96,
2015-04-03,254.84,,,
2015-04-04,254.36,,,
2015-04-05,261.47,,,
2015-04-06,256.85,,2080.62,
2015-04-07,254.27,,2076.33,
2015-04-08,246.58,,2081.9,
2015-04-09,244.74,,2091.18,
2015-04-10,236.78,,2102.06,
2015-04-11,237.91,,,
2015-04-12,237.55,,,
2015-04-13,225.73,,2092.43,
2015-04-14,221.05,,2095.84,
2015-04-15,224.35,,2106.63,
2015-04-16,229.45,,2104.99,
2015-04-17,223.62,,2081.18,
2015-04-18,224.02,,,
2015-04-19,224.03,,,
2015-04-20,225.37,,2100.4,
2015-04-21,235.89,,2097.29,
2015-04-22,233.98,,2107.96,
2015-04-23,235.99,,2112.93,
2015-04-24,231.51,,2117.69,
2015-04-25,227.05,,,
2015-04-26,221.27,,,
2015-04-27,227.58,,2108.92,
2015-04-28,225.64,,2114.76,
2015-04-29,225.6,,2106.85,
2015-04-30,236.81,,2085.51,
2015-05-01,233.14,430.8,2108.29,0.02
2015-05-02,235.94,,,
2015-05-03,240.78,,,
2015-05-04,239.75,,2114.49,
2015-05-05,236.76,,2089.46,
2015-05-06,230.0,,2080.15,
2015-05-07,237.99,,2088.0,
2015-05-08,244.54,,2116.1,
2015-05-09,242.5,,,
2015-05-10,241.57,,,
2015-05-11,242.86,,2105.33,
2015-05-12,242.03,,2099.12,
2015-05-13,236.32,,2098.48,
2015-05-14,237.46,,2121.1,
2015-05-15,237.82,,2122.73,
2015-05-16,236.73,,,
2015-05-17,237.12,,,
2015-05-18,234.04,,2129.2,
2015-05-19,232.59,,2127.83,
2015-05-20,234.54,,2125.85,
2015-05-21,235.77,,2130.82,
2015-05-22,240.45,,2126.06,
2015-05-23,239.36,,,
2015-05-24,240.82,,,
2015-05-25,237.43,,,
2015-05-26,236.79,,2104.2,
2015-05-27,237.35,,2123.48,
2015-05-28,237.34,,2120.79,
2015-05-29,236.89,,2107.39,
2015-05-30,233.55,,,
2015-05-31,230.21,,,
2015-06-01,223.56,428.5,2111.73,0.02
2015-06-02,225.85,,2109.6,
2015-06-03,225.86,,2114.07,
2015-06-04,224.57,,2095.84,
2015-06-05,224.97,,2092.83,
2015-06-06,225.48,,,
2015-06-07,223.89,,,
2015-06-08,229.1,,2079.28,
2015-06-09,229.18,,2080.15,
2015-06-10,228.73,,2105.2,
2015-06-11,229.69,,2108.86,
2015-06-12,229.47,,2094.11,
2015-06-13,233.47,,,
2015-06-14,233.6,,,
2015-06-15,236.99,,2084.43,
2015-06-16,251.91,,2096.29,
2015-06-17,250.25,,2100.44,
2015-06-18,249.27,,2121.24,
2015-06-19,246.33,,2109.99,
2015-06-20,246.13,,,
2015-06-21,244.66,,,
2015-06-22,247.5,,2122.85,
2015-06-23,244.52,,2124.2,
2015-06-24,240.04,,2108.58,
2015-06-25,242.44,,2102.31,
2015-06-26,243.0,,2101.49,
2015-06-27,251.59,,,
2015-06-28,249.11,,,
2015-06-29,257.54,,2057.64,
2015-06-30,263.82,,2063.11,
2015-07-01,259.02,422.9,2077.42,0.03
2015-07-02,254.85,,2076.78,
2015-07-03,256.95,,,
2015-07-04,260.64,,,
2015-07-05,271.74,,,
2015-07-06,269.94,,2068.76,
2015-07-07,266.18,,2081.34,
2015-07-08,270.97,,2046.68,
2015-07-09,269.75,,2051.31,
2015-07-10,286.67,,2076.62,
2015-07-11,294.23,,,
2015-07-12,312.16,,,
2015-07-13,293.08,,2099.6,
2015-07-14,287.51,,2108.95,
2015-07-15,285.7,,2107.4,
2015-07-16,279.38,,2124.29,
2015-07-17,280.58,,2126.64,
2015-07-18,277.71,,,
2015-07-19,275.61,,,
2015-07-20,280.0,,2128.28,
2015-07-21,277.32,,2119.21,
2015-07-22,277.89,,2114.15,
2015-07-23,277.39,,2102.15,
2015-07-24,289.12,,2079.65,
2015-07-25,289.7,,,
2015-07-26,293.89,,,
2015-07-27,294.21,,2067.64,
2015-07-28,295.76,,2093.25,
2015-07-29,290.19,,2108.57,
2015-07-30,288.49,,2108.63,
2015-07-31,285.19,,2103.84,
2015-08-01,281.53,394.5,,0.07
2015-08-02,282.62,,,
2015-08-03,280.95,,2098.04,
2015-08-04,285.51,,2093.32,
2015-08-05,282.77,,2099.84,
2015-08-06,279.65,,2083.56,
2015-08-07,279.94,,2077.57,
2015-08-08,262.02,,,
2015-08-09,267.63,,,
2015-08-10,265.15,,2104.18,
2015-08-11,271.99,,2084.07,
2015-08-12,266.94,,2086.05,
2015-08-13,264.67,,2083.39,
2015-08-14,266.17,,2091.54,
2015-08-15,262.46,,,
2015-08-16,259.2,,,
2015-08-17,257.31,,2102.44,
2015-08-18,221.99,,2096.92,
2015-08-19,227.34,,2079.61,
2015-08-20,235.56,,2035.73,
2015-08-21,232.85,,1970.89,
2015-08-22,231.15,,,
2015-08-23,229.21,,,
2015-08-24,211.16,,1893.21,
2015-08-25,223.73,,1867.61,
2015-08-26,226.81,,1940.51,
2015-08-27,225.8,,1987.66,
2015-08-28,231.55,,1988.87,
2015-08-29,230.61,,,
2015-08-30,229.39,,,
2015-08-31,230.75,,1972.18,
2015-09-01,228.22,409.0,1913.85,0.02
2015-09-02,229.97,,1948.86,
2015-09-03,227.25,,1951.13,
2015-09-04,231.39,,1921.22,
2015-09-05,236.01,,,
2015-09-06,241.29,,,
2015-09-07,241.31,,,
2015-09-08,244.14,,1969.41,
2015-09-09,238.75,,1942.04,
2015-09-10,238.52,,1952.29,
2015-09-11,240.9,,1961.05,
2015-09-12,236.5,,,
2015-09-13,230.82,,,
2015-09-14,231.01,,1953.03,
2015-09-15,230.6,,1978.09,
2015-09-16,229.73,,1995.31,
2015-09-17,233.34,,1990.2,
2015-09-18,233.78,,1958.03,
2015-09-19,232.88,,,
2015-09-20,232.24,,,
2015-09-21,227.31,,1966.97,
2015-09-22,231.28,,1942.74,
2015-09-23,230.26,,1938.76,
2015-09-24,235.27,,1932.24,
2015-09-25,235.89,,1931.34,
2015-09-26,234.69,,,
2015-09-27,233.58,,,
2015-09-28,239.99,,1881.77,
2015-09-29,236.89,,1884.09,
2015-09-30,237.14,,1920.03,
2015-10-01,238.34,414.2,1923.82,0.02
2015-10-02,238.28,,1951.36,
2015-10-03,239.92,,,
2015-10-04,239.87,,,
2015-10-05,240.95,,1987.05,
2015-10-06,246.64,,1979.92,
2015-10-07,244.0,,1995.83,
2015-10-08,242.94,,2013.43,
2015-10-09,244.35,,2014.89,
2015-10-10,246.07,,,
2015-10-11,249.02,,,
2015-10-12,246.39,,2017.46,
2015-10-13,250.99,,2003.69,
2015-10-14,253.27,,1994.24,
2015-10-15,254.99,,2023.86,
2015-10-16,263.43,,2033.11,
2015-10-17,272.87,,,
2015-10-18,265.0,,,
2015-10-19,265.17,,2033.66,
2015-10-20,271.14,,2030.77,
2015-10-21,268.77,,2018.94,
2015-10-22,275.84,,2052.51,
2015-10-23,278.76,,2075.15,
2015-10-24,284.29,,,
2015-10-25,284.97,,,
2015-10-26,287.1,,2071.18,
2015-10-27,295.61,,2065.89,
2015-10-28,304.09,,2090.35,
2015-10-29,316.08,,2089.41,
2015-10-30,329.11,,2079.36,
2015-10-31,314.85,,,
2015-11-01,329.46,402.6,,0.12
2015-11-02,365.21,,2104.05,
2015-11-03,404.1,,2109.79,
2015-11-04,410.0,,2102.31,
2015-11-05,387.21,,2099.93,
2015-11-06,374.09,,2099.2,
2015-11-07,384.81,,,
2015-11-08,373.83,,,
2015-11-09,379.53,,2078.58,
2015-11-10,337.14,,2081.72,
2015-11-11,313.2,,2075.0,
2015-11-12,336.49,,2045.97,
2015-11-13,338.07,,2023.04,
2015-11-14,334.71,,,
2015-11-15,322.93,,,
2015-11-16,332.89,,2053.19,
2015-11-17,336.49,,2050.44,
2015-11-18,335.49,,2083.58,
2015-11-19,326.41,,2081.24,
2015-11-20,322.39,,2089.17,
2015-11-21,327.0,,,
2015-11-22,323.71,,,
2015-11-23,323.0,,2086.59,
2015-11-24,321.0,,2089.14,
2015-11-25,328.98,,2088.87,
2015-11-26,352.57,,,
2015-11-27,358.19,,2090.11,
2015-11-28,357.24,,,
2015-11-29,372.24,,,
2015-11-30,376.86,,2080.41,
2015-12-01,362.68,384.7,2102.63,0.23
2015-12-02,360.0,,2079.51,
2015-12-03,361.77,,2049.62,
2015-12-04,363.98,,2091.69,
2015-12-05,387.99,,,
2015-12-06,387.55,,,
2015-12-07,394.73,,2077.07,
2015-12-08,418.94,,2063.59,
2015-12-09,418.39,,2047.62,
2015-12-10,415.68,,2052.23,
2015-12-11,452.95,,2012.37,
2015-12-12,436.87,,,
2015-12-13,433.83,,,
2015-12-14,444.01,,2021.94,
2015-12-15,464.27,,2043.41,
2015-12-16,453.97,,2073.07,
2015-12-17,455.5,,2041.89,
2015-12-18,463.17,,2005.55,
2015-12-19,461.29,,,
2015-12-20,442.22,,,
2015-12-21,436.81,,2021.15,
2015-12-22,433.92,,2038.97,
2015-12-23,442.43,,2064.29,
2015-12-24,455.74,,2060.99,
2015-12-25,455.84,,,
2015-12-26,419.41,,,
2015-12-27,424.72,,,
2015-12-28,421.94,,2056.5,
2015-12-29,433.89,,2078.36,
2015-12-30,427.95,,2063.36,
2015-12-31,430.35,,2043.94,
2016-01-01,435.66,395.0,,0.26
2016-01-02,435.4,,,
2016-01-03,431.91,,,
2016-01-04,433.85,,2012.66,
2016-01-05,433.34,,2016.71,
2016-01-06,430.87,,1990.26,
2016-01-07,459.07,,1943.09,
2016-01-08,454.44,,1922.03,
2016-01-09,450.38,,,
2016-01-10,449.99,,,
2016-01-11,449.19,,1923.67,
2016-01-12,434.01,,1938.68,
2016-01-13,432.77,,1890.28,
2016-01-14,430.03,,1921.84,
2016-01-15,357.53,,1880.33,
2016-01-16,388.7,,,
2016-01-17,378.46,,,
2016-01-18,384.89,,,
2016-01-19,375.27,,1881.33,
2016-01-20,418.54,,1859.33,
2016-01-21,409.38,,1868.99,
2016-01-22,382.9,,1906.9,
2016-01-23,387.5,,,
2016-01-24,403.05,,,
2016-01-25,391.4,,1877.08,
2016-01-26,391.54,,1903.63,
2016-01-27,394.79,,1882.95,
2016-01-28,379.61,,1893.36,
2016-01-29,378.68,,1940.24,
2016-01-30,378.46,,,
2016-01-31,367.95,,,
2016-02-01,371.33,412.4,1939.38,0.31
2016-02-02,372.93,,1903.03,
2016-02-03,368.87,,1912.53,
2016-02-04,387.99,,1915.45,
2016-02-05,384.5,,1880.05,
2016-02-06,375.44,,,
2016-02-07,377.49,,,
2016-02-08,371.14,,1853.44,
2016-02-09,372.68,,1852.21,
2016-02-10,378.44,,1851.86,
2016-02-11,378.23,,1829.08,
2016-02-12,382.05,,1864.78,
2016-02-13,391.0,,,
2016-02-14,406.59,,,
2016-02-15,398.95,,,
2016-02-16,407.42,,1895.58,
2016-02-17,415.2,,1926.82,
2016-02-18,421.19,,1917.83,
2016-02-19,420.72,,1917.78,
2016-02-20,437.46,,,
2016-02-21,438.56,,,
2016-02-22,437.55,,1945.5,
2016-02-23,419.97,,1921.27,
2016-02-24,423.94,,1929.8,
2016-02-25,423.54,,1951.7,
2016-02-26,430.85,,1948.05,
2016-02-27,433.12,,,
2016-02-28,433.73,,,
2016-02-29,436.44,,1932.23,
2016-03-01,433.08,451.2,1978.35,0.29
2016-03-02,420.39,,1986.45,
2016-03-03,418.8,,1993.4,
2016-03-04,407.35,,1999.99,
2016-03-05,396.08,,,
2016-03-06,403.24,,,
2016-03-07,412.21,,2001.76,
2016-03-08,411.18,,1979.26,
2016-03-09,412.8,,1989.26,
2016-03-10,415.98,,1989.57,
2016-03-11,419.39,,2022.19,
2016-03-12,410.58,,,
2016-03-13,412.52,,,
2016-03-14,415.02,,2019.64,
2016-03-15,415.41,,2015.93,
2016-03-16,416.07,,2027.22,
2016-03-17,418.41,,2040.59,
2016-03-18,409.65,,2049.58,
2016-03-19,410.2,,,
2016-03-20,411.27,,,
2016-03-21,412.0,,2051.6,
2016-03-22,416.66,,2049.8,
2016-03-23,417.53,,2036.71,
2016-03-24,412.95,,2035.94,
2016-03-25,416.41,,,
2016-03-26,416.97,,,
2016-03-27,425.3,,,
2016-03-28,423.0,,2037.05,
2016-03-29,416.39,,2055.01,
2016-03-30,412.79,,2063.95,
2016-03-31,416.03,,2059.74,
2016-04-01,417.68,445.4,2072.78,0.23
2016-04-02,419.95,,,
2016-04-03,420.16,,,
2016-04-04,419.47,,2066.13,
2016-04-05,422.36,,2045.17,
2016-04-06,421.46,,2066.66,
2016-04-07,421.99,,2041.91,
2016-04-08,419.48,,2047.6,
2016-04-09,419.46,,,
2016-04-10,423.4,,,
2016-04-11,423.94,,2041.99,
2016-04-12,427.8,,2061.72,
2016-04-13,425.58,,2082.42,
2016-04-14,426.32,,2082.78,
2016-04-15,430.93,,2080.73,
2016-04-16,433.39,,,
2016-04-17,431.0,,,
2016-04-18,430.97,,2094.34,
2016-04-19,437.06,,2100.8,
2016-04-20,442.96,,2102.4,
2016-04-21,452.25,,2091.48,
2016-04-22,448.41,,2091.58,
2016-04-23,455.69,,,
2016-04-24,464.46,,,
2016-04-25,466.17,,2087.79,
2016-04-26,470.59,,2091.7,
2016-04-27,445.31,,2095.15,
2016-04-28,451.68,,2075.81,
2016-04-29,458.82,,2065.3,
2016-04-30,454.02,,,
2016-05-01,456.98,465.7,,0.27
2016-05-02,446.42,,2081.43,
2016-05-03,452.21,,2063.37,
2016-05-04,448.68,,2051.12,
2016-05-05,449.98,,2050.63,
2016-05-06,462.31,,2057.14,
2016-05-07,461.91,,,
2016-05-08,462.79,,,
2016-05-09,464.16,,2058.69,
2016-05-10,452.78,,2084.39,
2016-05-11,454.37,,2064.46,
2016-05-12,456.48,,2064.11,
2016-05-13,457.98,,2046.61,
2016-05-14,458.9,,,
2016-05-15,461.47,,,
2016-05-16,455.66,,2066.66,
2016-05-17,454.19,,2047.21,
2016-05-18,455.56,,2047.63,
2016-05-19,438.38,,2040.04,
2016-05-20,445.65,,2052.32,
2016-05-21,446.28,,,
2016-05-22,442.48,,,
2016-05-23,445.67,,2048.04,
2016-05-24,446.99,,2076.06,
2016-05-25,451.49,,2090.54,
2016-05-26,454.97,,2090.1,
2016-05-27,471.27,,2099.06,
2016-05-28,523.25,,,
2016-05-29,525.22,,,
2016-05-30,532.55,,,
2016-05-31,531.34,,2096.96,
2016-06-01,534.84,441.3,2099.33,0.27
2016-06-02,537.87,,2105.26,
2016-06-03,571.25,,2099.13,
2016-06-04,576.31,,,
2016-06-05,575.17,,,
2016-06-06,586.77,,2109.41,
2016-06-07,579.71,,2112.13,
2016-06-08,583.21,,2119.12,
2016-06-09,577.46,,2115.48,
2016-06-10,580.31,,2096.07,
2016-06-11,609.5,,,
2016-06-12,677.86,,,
2016-06-13,706.01,,2079.06,
2016-06-14,684.95,,2075.32,
2016-06-15,698.78,,2071.5,
2016-06-16,769.76,,2077.99,
2016-06-17,752.26,,2071.22,
2016-06-18,758.99,,,
2016-06-19,768.76,,,
2016-06-20,703.12,,2083.25,
2016-06-21,667.66,,2088.9,
2016-06-22,604.5,,2085.45,
2016-06-23,631.1,,2113.32,
2016-06-24,669.98,,2037.41,
2016-06-25,673.71,,,
2016-06-26,638.56,,,
2016-06-27,657.87,,2000.54,
2016-06-28,648.43,,2036.09,
2016-06-29,639.42,,2070.77,
2016-06-30,673.49,,2098.86,
2016-07-01,678.19,490.7,2102.95,0.3
2016-07-02,704.95,,,
2016-07-03,663.55,,,
2016-07-04,681.98,,,
2016-07-05,669.87,,2088.55,
2016-07-06,678.79,,2099.73,
2016-07-07,641.97,,2097.9,
2016-07-08,667.33,,2129.9,
2016-07-09,657.61,,,
2016-07-10,652.44,,,
2016-07-11,650.97,,2137.16,
2016-07-12,666.56,,2152.14,
2016-07-13,655.34,,2152.43,
2016-07-14,661.65,,2163.75,
2016-07-15,667.48,,2161.74,
2016-07-16,666.32,,,
2016-07-17,680.0,,,
2016-07-18,675.5,,2166.89,
2016-07-19,673.98,,2163.78,
2016-07-20,666.92,,2173.02,
2016-07-21,667.28,,2165.17,
2016-07-22,654.67,,2175.03,
2016-07-23,657.5,,,
2016-07-24,661.0,,,
2016-07-25,657.79,,2168.48,
2016-07-26,654.06,,2169.18,
2016-07-27,657.35,,2166.58,
2016-07-28,657.4,,2170.06,
2016-07-29,657.0,,2173.6,
2016-07-30,655.87,,,
2016-07-31,626.97,,,
2016-08-01,605.2,490.1,2170.84,0.3
2016-08-02,537.47,,2157.03,
2016-08-03,573.36,,2163.79,
2016-08-04,587.5,,2164.25,
2016-08-05,583.0,,2182.87,
2016-08-06,591.71,,,
2016-08-07,595.14,,,
2016-08-08,591.48,,2180.89,
2016-08-09,586.45,,2181.74,
2016-08-10,594.94,,2175.49,
2016-08-11,587.91,,2185.79,
2016-08-12,587.74,,2184.05,
2016-08-13,586.45,,,
2016-08-14,574.99,,,
2016-08-15,567.79,,2190.15,
2016-08-16,579.02,,2178.15,
2016-08-17,574.45,,2182.22,
2016-08-18,574.09,,2187.02,
2016-08-19,573.67,,2183.87,
2016-08-20,581.87,,,
2016-08-21,581.29,,,
2016-08-22,585.2,,2182.64,
2016-08-23,582.39,,2186.9,
2016-08-24,578.47,,2175.44,
2016-08-25,575.58,,2172.47,
2016-08-26,579.29,,2169.04,
2016-08-27,570.84,,,
2016-08-28,575.41,,,
2016-08-29,573.21,,2180.38,
2016-08-30,574.95,,2176.12,
2016-08-31,572.89,,2170.95,
2016-09-01,573.02,484.6,2170.86,0.29
2016-09-02,576.21,,2179.98,
2016-09-03,600.91,,,
2016-09-04,611.92,,,
2016-09-05,605.69,,,
2016-09-06,612.99,,2186.48,
2016-09-07,615.21,,2186.16,
2016-09-08,627.97,,2181.3,
2016-09-09,622.07,,2127.81,
2016-09-10,623.74,,,
2016-09-11,607.94,,,
2016-09-12,606.74,,2159.04,
2016-09-13,608.63,,2127.02,
2016-09-14,608.43,,2125.77,
2016-09-15,605.44,,2147.26,
2016-09-16,607.93,,2139.16,
2016-09-17,607.92,,,
2016-09-18,611.4,,,
2016-09-19,608.6,,2139.12,
2016-09-20,605.6,,2139.76,
2016-09-21,597.0,,2163.12,
2016-09-22,596.21,,2177.18,
2016-09-23,602.96,,2164.69,
2016-09-24,603.68,,,
2016-09-25,601.67,,,
2016-09-26,607.08,,2146.1,
2016-09-27,605.71,,2159.93,
2016-09-28,605.04,,2171.37,
2016-09-29,605.99,,2151.13,
2016-09-30,608.99,,2168.27,
2016-10-01,615.65,461.2,,0.33
2016-10-02,612.4,,,
2016-10-03,612.99,,2161.2,
2016-10-04,610.34,,2150.49,
2016-10-05,613.16,,2159.73,
2016-10-06,611.88,,2160.77,
2016-10-07,617.98,,2153.74,
2016-10-08,619.5,,,
2016-10-09,617.42,,,
2016-10-10,618.72,,2163.66,
2016-10-11,642.12,,2136.73,
2016-10-12,635.79,,2139.18,
2016-10-13,635.66,,2132.55,
2016-10-14,638.03,,2132.98,
2016-10-15,638.16,,,
2016-10-16,641.92,,,
2016-10-17,639.56,,2126.5,
2016-10-18,635.11,,2139.6,
2016-10-19,629.79,,2144.29,
2016-10-20,628.05,,2141.34,
2016-10-21,630.83,,2141.16,
2016-10-22,652.75,,,
2016-10-23,651.04,,,
2016-10-24,649.98,,2151.33,
2016-10-25,654.3,,2143.16,
2016-10-26,674.0,,2139.43,
2016-10-27,691.21,,2133.04,
2016-10-28,689.95,,2126.41,
2016-10-29,714.28,,,
2016-10-30,697.41,,,
2016-10-31,696.9,,2126.15,
2016-11-01,730.7,467.6,2111.72,0.45
2016-11-02,744.6,,2097.94,
2016-11-03,690.0,,2088.66,
2016-11-04,706.32,,2085.18,
2016-11-05,706.99,,,
2016-11-06,717.02,,,
2016-11-07,706.42,,2131.52,
2016-11-08,711.15,,2139.56,
2016-11-09,720.97,,2163.26,
2016-11-10,712.91,,2167.48,
2016-11-11,716.9,,2164.45,
2016-11-12,704.53,,,
2016-11-13,704.01,,,
2016-11-14,708.32,,2164.2,
2016-11-15,712.29,,2180.39,
2016-11-16,739.85,,2176.94,
2016-11-17,730.71,,2187.12,
2016-11-18,748.54,,2181.9,
2016-11-19,750.77,,,
2016-11-20,731.99,,,
2016-11-21,736.4,,2198.18,
2016-11-22,746.66,,2202.94,
2016-11-23,741.52,,2204.72,
2016-11-24,737.99,,,
2016-11-25,739.74,,2213.35,
2016-11-26,735.7,,,
2016-11-27,729.24,,,
2016-11-28,729.77,,2201.72,
2016-11-29,732.37,,2204.66,
2016-11-30,742.69,,2198.81,
2016-12-01,754.0,422.7,2191.08,0.51
2016-12-02,769.25,,2191.95,
2016-12-03,766.98,,,
2016-12-04,767.99,,,
2016-12-05,752.0,,2204.71,
2016-12-06,759.8,,2212.23,
2016-12-07,764.34,,2241.35,
2016-12-08,767.89,,2246.19,
2016-12-09,773.22,,2259.53,
2016-12-10,775.87,,,
2016-12-11,771.05,,,
2016-12-12,778.94,,2256.96,
2016-12-13,776.18,,2271.72,
2016-12-14,777.66,,2253.28,
2016-12-15,776.16,,2262.03,
2016-12-16,780.98,,2258.07,
2016-12-17,788.57,,,
2016-12-18,790.72,,,
2016-12-19,790.81,,2262.53,
2016-12-20,798.99,,2270.76,
2016-12-21,834.5,,2265.18,
2016-12-22,856.02,,2260.96,
2016-12-23,917.26,,2263.79,
2016-12-24,891.5,,,
2016-12-25,896.12,,,
2016-12-26,902.09,,,
2016-12-27,925.2,,2268.88,
2016-12-28,982.17,,2249.92,
2016-12-29,970.72,,2249.26,
2016-12-30,960.81,,2238.83,
2016-12-31,973.37,,,
2017-01-01,992.95,421.9,,0.51
2017-01-02,1011.45,,,
2017-01-03,1020.67,,2257.83,
2017-01-04,1130.3,,2270.75,
2017-01-05,1007.0,,2269.0,
2017-01-06,895.71,,2276.98,
2017-01-07,909.0,,,
2017-01-08,923.33,,,
2017-01-09,902.66,,2268.9,
2017-01-10,907.0,,2268.9,
2017-01-11,795.77,,2275.32,
2017-01-12,812.25,,2270.44,
2017-01-13,831.42,,2274.64,
2017-01-14,828.0,,,
2017-01-15,833.31,,,
2017-01-16,834.41,,,
2017-01-17,906.0,,2267.89,
2017-01-18,887.99,,2271.89,
2017-01-19,902.92,,2263.69,
2017-01-20,894.31,,2271.31,
2017-01-21,925.06,,,
2017-01-22,931.22,,,
2017-01-23,910.7,,2265.2,
2017-01-24,887.0,,2280.07,
2017-01-25,896.0,,2298.37,
2017-01-26,917.02,,2296.68,
2017-01-27,922.63,,2294.69,
2017-01-28,924.98,,,
2017-01-29,916.54,,,
2017-01-30,923.23,,2280.9,
2017-01-31,970.01,,2278.87,
2017-02-01,992.75,437.2,2279.55,0.52
2017-02-02,1008.38,,2280.85,
2017-02-03,1018.0,,2297.42,
2017-02-04,1035.54,,,
2017-02-05,1016.32,,,
2017-02-06,1022.58,,2292.56,
2017-02-07,1053.96,,2293.08,
2017-02-08,1056.7,,2294.67,
2017-02-09,994.24,,2307.87,
2017-02-10,1001.99,,2316.1,
2017-02-11,1018.65,,,
2017-02-12,1010.0,,,
2017-02-13,1002.82,,2328.25,
2017-02-14,1013.92,,2337.58,
2017-02-15,1014.53,,2349.25,
2017-02-16,1038.94,,2347.22,
2017-02-17,1057.3,,2351.16,
2017-02-18,1062.15,,,
2017-02-19,1059.88,,,
2017-02-20,1089.82,,,
2017-02-21,1128.29,,2365.38,
2017-02-22,1128.71,,2362.82,
2017-02-23,1186.9,,2363.81,
2017-02-24,1186.91,,2367.34,
2017-02-25,1158.0,,,
2017-02-26,1184.91,,,
2017-02-27,1195.81,,2369.75,
2017-02-28,1195.08,,2363.64,
2017-03-01,1230.0,449.6,2395.96,0.74
2017-03-02,1269.17,,2381.92,
2017-03-03,1292.86,,2383.12,
2017-03-04,1273.97,,,
2017-03-05,1278.98,,,
2017-03-06,1284.99,,2375.31,
2017-03-07,1237.36,,2368.39,
2017-03-08,1150.22,,2362.98,
2017-03-09,1197.3,,2364.87,
2017-03-10,1109.01,,2372.6,
2017-03-11,1188.11,,,
2017-03-12,1235.58,,,
2017-03-13,1245.49,,2373.47,
2017-03-14,1247.42,,2365.45,
2017-03-15,1263.0,,2385.26,
2017-03-16,1175.11,,2381.38,
2017-03-17,1069.57,,2378.25,
2017-03-18,970.0,,,
2017-03-19,1019.49,,,
2017-03-20,1044.96,,2373.47,
2017-03-21,1114.42,,2344.02,
2017-03-22,1034.57,,2348.45,
2017-03-23,1025.14,,2345.96,
2017-03-24,934.87,,2343.98,
2017-03-25,963.72,,,
2017-03-26,973.08,,,
2017-03-27,1042.08,,2341.59,
2017-03-28,1045.4,,2358.57,
2017-03-29,1043.27,,2361.13,
2017-03-30,1042.34,,2368.06,
2017-03-31,1088.99,,2362.72,
2017-04-01,1092.0,453.3,,0.8
2017-04-02,1113.99,,,
2017-04-03,1152.6,,2358.84,
2017-04-04,1143.99,,2360.16,
2017-04-05,1132.99,,2352.95,
2017-04-06,1192.3,,2357.49,
2017-04-07,1194.0,,2355.54,
2017-04-08,1184.5,,,
2017-04-09,1210.97,,,
2017-04-10,1210.0,,2357.16,
2017-04-11,1223.99,,2353.78,
2017-04-12,1214.17,,2344.93,
2017-04-13,1177.05,,2328.95,
2017-04-14,1173.74,,,
2017-04-15,1178.85,,,
2017-04-16,1177.99,,,
2017-04-17,1189.91,,2349.01,
2017-04-18,1201.94,,2342.19,
2017-04-19,1214.21,,2338.17,
2017-04-20,1236.15,,2355.84,
2017-04-21,1249.99,,2348.69,
2017-04-22,1247.0,,,
2017-04-23,1251.98,,,
2017-04-24,1257.29,,2374.15,
2017-04-25,1281.16,,2388.61,
2017-04-26,1298.44,,2387.45,
2017-04-27,1349.26,,2388.77,
2017-04-28,1353.34,,2384.2,
2017-04-29,1365.43,,,
2017-04-30,1384.55,,,
2017-05-01,1436.5,450.4,2388.33,0.89
2017-05-02,1471.99,,2391.17,
2017-05-03,1533.0,,2388.13,
2017-05-04,1563.39,,2389.52,
2017-05-05,1551.3,,2399.29,
2017-05-06,1585.39,,,
2017-05-07,1609.57,,,
2017-05-08,1713.0,,2399.38,
2017-05-09,1720.43,,2396.92,
2017-05-10,1794.99,,2399.63,
2017-05-11,1837.93,,2394.44,
2017-05-12,1695.61,,2390.9,
2017-05-13,1792.73,,,
2017-05-14,1799.99,,,
2017-05-15,1747.81,,2402.32,
2017-05-16,1777.48,,2400.67,
2017-05-17,1813.23,,2357.03,
2017-05-18,1899.16,,2365.72,
2017-05-19,1976.23,,2381.73,
2017-05-20,2058.91,,,
2017-05-21,2057.0,,,
2017-05-22,2123.29,,2394.02,
2017-05-23,2272.75,,2398.42,
2017-05-24,2432.97,,2404.39,
2017-05-25,2355.0,,2415.07,
2017-05-26,2272.7,,2415.82,
2017-05-27,2099.99,,,
2017-05-28,2232.78,,,
2017-05-29,2279.48,,,
2017-05-30,2191.58,,2412.91,
2017-05-31,2303.29,,2411.8,
2017-06-01,2419.99,463.0,2430.06,0.98
2017-06-02,2478.99,,2439.07,
2017-06-03,2548.05,,,
2017-06-04,2521.36,,,
2017-06-05,2698.0,,2436.1,
2017-06-06,2871.29,,2429.33,
2017-06-07,2685.64,,2433.14,
2017-06-08,2799.73,,2433.79,
2017-06-09,2811.39,,2431.77,
2017-06-10,2931.15,,,
2017-06-11,2998.98,,,
2017-06-12,2655.71,,2429.39,
2017-06-13,2709.01,,2440.35,
2017-06-14,2432.21,,2437.92,
2017-06-15,2409.98,,2432.46,
2017-06-16,2480.43,,2433.15,
2017-06-17,2634.94,,,
2017-06-18,2515.25,,,
2017-06-19,2596.98,,2453.46,
2017-06-20,2725.08,,2437.03,
2017-06-21,2643.35,,2435.61,
2017-06-22,2679.99,,2434.5,
2017-06-23,2690.76,,2438.3,
2017-06-24,2574.84,,,
2017-06-25,2505.61,,,
2017-06-26,2407.91,,2439.07,
2017-06-27,2575.75,,2419.38,
2017-06-28,2553.12,,2440.69,
2017-06-29,2530.0,,2419.7,
2017-06-30,2455.19,,2423.41,
2017-07-01,2423.63,441.9,,1.07
2017-07-02,2516.66,,,
2017-07-03,2542.41,,2429.01,
2017-07-04,2602.0,,,
2017-07-05,2616.96,,2432.54,
2017-07-06,2604.84,,2409.75,
2017-07-07,2501.15,,2425.18,
2017-07-08,2561.11,,,
2017-07-09,2508.99,,,
2017-07-10,2331.05,,2427.43,
2017-07-11,2310.01,,2425.53,
2017-07-12,2383.42,,2443.25,
2017-07-13,2340.0,,2447.83,
2017-07-14,2217.24,,2459.27,
2017-07-15,1964.31,,,
2017-07-16,1911.78,,,
2017-07-17,2235.19,,2459.14,
2017-07-18,2308.15,,2460.61,
2017-07-19,2258.99,,2473.83,
2017-07-20,2873.48,,2473.45,
2017-07-21,2657.45,,2472.54,
2017-07-22,2825.27,,,
2017-07-23,2754.28,,,
2017-07-24,2762.26,,2469.91,
2017-07-25,2564.0,,2477.13,
2017-07-26,2525.99,,2477.83,
2017-07-27,2664.99,,2475.42,
2017-07-28,2786.07,,2472.1,
2017-07-29,2700.21,,,
2017-07-30,2723.99,,,
2017-07-31,2856.88,,2470.3,
2017-08-01,2732.59,457.9,2476.35,1.01
2017-08-02,2699.9,,2477.57,
2017-08-03,2787.02,,2472.16,
2017-08-04,2857.34,,2476.83,
2017-08-05,3243.49,,,
2017-08-06,3222.22,,,
2017-08-07,3398.23,,2480.91,
2017-08-08,3422.43,,2474.92,
2017-08-09,3342.8,,2474.02,
2017-08-10,3444.98,,2438.21,
2017-08-11,3656.15,,2441.32,
2017-08-12,3874.0,,,
2017-08-13,4060.47,,,
2017-08-14,4320.6,,2465.84,
2017-08-15,4159.93,,2464.61,
2017-08-16,4370.01,,2468.11,
2017-08-17,4280.01,,2430.01,
2017-08-18,4101.72,,2425.55,
2017-08-19,4157.41,,,
2017-08-20,4050.99,,,
2017-08-21,4002.0,,2428.37,
2017-08-22,4092.0,,2452.51,
2017-08-23,4143.49,,2444.04,
2017-08-24,4312.03,,2438.97,
2017-08-25,4360.0,,2443.05,
2017-08-26,4344.32,,,
2017-08-27,4340.11,,,
2017-08-28,4384.99,,2444.24,
2017-08-29,4599.0,,2446.3,
2017-08-30,4581.98,,2457.59,
2017-08-31,4743.94,,2471.65,
2017-09-01,4947.99,484.7,2476.55,1.03
2017-09-02,4649.99,,,
2017-09-03,4626.05,,,
2017-09-04,4498.25,,,
2017-09-05,4432.51,,2457.85,
2017-09-06,4616.18,,2465.54,
2017-09-07,4624.18,,2465.1,
2017-09-08,4350.0,,2461.43,
2017-09-09,4334.36,,,
2017-09-10,4251.36,,,
2017-09-11,4210.72,,2488.11,
2017-09-12,4164.52,,2496.48,
2017-09-13,3855.32,,2498.37,
2017-09-14,3250.4,,2495.62,
2017-09-15,3740.02,,2500.23,
2017-09-16,3726.51,,,
2017-09-17,3719.97,,,
2017-09-18,4100.0,,2503.87,
2017-09-19,3910.11,,2506.65,
2017-09-20,3872.06,,2508.24,
2017-09-21,3617.47,,2500.6,
2017-09-22,3619.01,,2502.22,
2017-09-23,3787.33,,,
2017-09-24,3669.01,,,
2017-09-25,3919.78,,2496.66,
2017-09-26,3885.09,,2496.84,
2017-09-27,4200.0,,2507.04,
2017-09-28,4189.42,,2510.06,
2017-09-29,4156.99,,2519.36,
2017-09-30,4339.0,,,
2017-10-01,4394.81,459.6,,1.07
2017-10-02,4392.71,,2529.12,
2017-10-03,4307.99,,2534.58,
2017-10-04,4214.84,,2537.74,
2017-10-05,4320.04,,2552.07,
2017-10-06,4362.99,,2549.33,
2017-10-07,4425.0,,,
2017-10-08,4603.49,,,
2017-10-09,4769.55,,2544.73,
2017-10-10,4750.0,,2550.64,
2017-10-11,4814.99,,2555.24,
2017-10-12,5440.0,,2550.93,
2017-10-13,5624.8,,2553.17,
2017-10-14,5819.13,,,
2017-10-15,5693.7,,,
2017-10-16,5754.9,,2557.64,
2017-10-17,5594.0,,2559.36,
2017-10-18,5574.44,,2561.26,
2017-10-19,5704.01,,2562.1,
2017-10-20,5989.1,,2575.21,
2017-10-21,6024.86,,,
2017-10-22,6005.05,,,
2017-10-23,5905.99,,2564.98,
2017-10-24,5525.43,,2569.13,
2017-10-25,5739.97,,2557.15,
2017-10-26,5891.61,,2560.4,
2017-10-27,5780.0,,2581.07,
2017-10-28,5752.01,,,
2017-10-29,6140.01,,,
2017-10-30,6124.16,,2572.83,
2017-10-31,6445.01,,2575.26,
2017-11-01,6783.69,460.4,2579.36,1.23
2017-11-02,7039.98,,2579.85,
2017-11-03,7170.01,,2587.84,
2017-11-04,7412.55,,,
2017-11-05,7392.0,,,
2017-11-06,6969.76,,2591.13,
2017-11-07,7126.63,,2590.64,
2017-11-08,7467.96,,2594.38,
2017-11-09,7156.0,,2584.62,
2017-11-10,6577.62,,2582.3,
2017-11-11,6346.7,,,
2017-11-12,5886.35,,,
2017-11-13,6535.87,,2584.84,
2017-11-14,6605.0,,2578.87,
2017-11-15,7294.0,,2564.62,
2017-11-16,7838.53,,2585.64,
2017-11-17,7714.71,,2578.85,
2017-11-18,7777.01,,,
2017-11-19,8031.82,,,
2017-11-20,8256.01,,2582.14,
2017-11-21,8109.0,,2599.03,
2017-11-22,8250.0,,2597.08,
2017-11-23,8031.16,,,
2017-11-24,8215.01,,2602.42,
2017-11-25,8795.5,,,
2017-11-26,9401.11,,,
2017-11-27,9768.71,,2601.42,
2017-11-28,9949.0,,2627.04,
2017-11-29,9935.98,,2626.07,
2017-11-30,9903.0,,2647.58,
2017-12-01,10869.84,456.4,2642.22,1.32
2017-12-02,10930.24,,,
2017-12-03,11290.0,,,
2017-12-04,11643.98,,2639.44,
2017-12-05,11718.35,,2629.57,
2017-12-06,14090.0,,2629.27,
2017-12-07,17390.01,,2636.98,
2017-12-08,16367.03,,2651.5,
2017-12-09,15309.98,,,
2017-12-10,15290.01,,,
2017-12-11,16885.76,,2659.99,
2017-12-12,17730.12,,2664.11,
2017-12-13,16689.61,,2662.85,
2017-12-14,16749.78,,2652.01,
2017-12-15,17738.67,,2675.81,
2017-12-16,19650.01,,,
2017-12-17,19378.99,,,
2017-12-18,19039.01,,2690.16,
2017-12-19,17838.73,,2681.47,
2017-12-20,16496.89,,2679.25,
2017-12-21,15758.8,,2684.57,
2017-12-22,14210.57,,2683.34,
2017-12-23,15075.89,,,
2017-12-24,14221.94,,,
2017-12-25,14171.98,,,
2017-12-26,15790.88,,2680.5,
2017-12-27,15367.08,,2682.62,
2017-12-28,14450.01,,2687.54,
2017-12-29,14565.05,,2673.61,
2017-12-30,12839.99,,,
2017-12-31,13863.13,,,
2018-01-01,13480.01,475.9,,1.41
2018-01-02,14781.51,,2695.81,
2018-01-03,15098.14,,2713.06,
2018-01-04,15144.99,,2723.99,
2018-01-05,16960.01,,2743.15,
2018-01-06,17098.99,,,
2018-01-07,16174.22,,,
2018-01-08,14993.74,,2747.71,
2018-01-09,14480.99,,2751.29,
2018-01-10,14875.18,,2748.23,
2018-01-11,13308.06,,2767.56,
2018-01-12,13820.0,,2786.24,
2018-01-13,14187.95,,,
2018-01-14,13656.23,,,
2018-01-15,13590.0,,,
2018-01-16,11570.01,,2776.42,
2018-01-17,11200.01,,2802.56,
2018-01-18,11305.53,,2798.03,
2018-01-19,11498.99,,2810.3,
2018-01-20,12762.8,,,
2018-01-21,11518.17,,,
2018-01-22,10766.7,,2832.97,
2018-01-23,10824.94,,2839.13,
2018-01-24,11356.79,,2837.54,
2018-01-25,11118.0,,2839.25,
2018-01-26,11086.89,,2872.87,
2018-01-27,11319.0,,,
2018-01-28,11536.0,,,
2018-01-29,11123.01,,2853.53,
2018-01-30,9995.0,,2822.43,
2018-01-31,10099.99,,2823.81,
2018-02-01,9014.23,478.7,2821.98,1.57
2018-02-02,8787.52,,2762.13,
2018-02-03,9240.0,,,
2018-02-04,8167.91,,,
2018-02-05,6905.19,,2648.94,
2018-02-06,7688.46,,2695.14,
2018-02-07,7575.75,,2681.66,
2018-02-08,8218.1,,2581.0,
2018-02-09,8671.01,,2619.55,
2018-02-10,8547.49,,,
2018-02-11,8072.99,,,
2018-02-12,8872.28,,2656.0,
2018-02-13,8520.01,,2662.94,
2018-02-14,9472.98,,2698.63,
2018-02-15,10031.23,,2731.2,
2018-02-16,10167.49,,2732.22,
2018-02-17,11121.5,,,
2018-02-18,10380.04,,,
2018-02-19,11140.0,,,
2018-02-20,11235.57,,2716.26,
2018-02-21,10454.27,,2701.33,
2018-02-22,9830.0,,2703.96,
2018-02-23,10144.99,,2747.3,
2018-02-24,9688.62,,,
2018-02-25,9597.99,,,
2018-02-26,10300.0,,2779.6,
2018-02-27,10566.57,,2744.28,
2018-02-28,10307.27,,2713.83,
2018-03-01,10895.92,479.1,2677.67,1.7
2018-03-02,11000.0,,2691.25,
2018-03-03,11432.5,,,
2018-03-04,11469.9,,,
2018-03-05,11377.54,,2720.94,
2018-03-06,10700.0,,2728.12,
2018-03-07,9920.0,,2726.8,
2018-03-08,9304.9,,2738.97,
2018-03-09,9255.0,,2786.57,
2018-03-10,8795.44,,,
2018-03-11,9533.88,,,
2018-03-12,9120.0,,2783.02,
2018-03-13,9145.41,,2765.31,
2018-03-14,8207.03,,2749.48,
2018-03-15,8259.99,,2747.33,
2018-03-16,8275.0,,2752.01,
2018-03-17,7865.02,,,
2018-03-18,8192.0,,,
2018-03-19,8589.0,,2712.92,
2018-03-20,8900.0,,2716.94,
2018-03-21,8891.81,,2711.93,
2018-03-22,8715.09,,2643.69,
2018-03-23,8927.1,,2588.26,
2018-03-24,8531.34,,,
2018-03-25,8453.0,,,
2018-03-26,8145.0,,2658.55,
2018-03-27,7793.61,,2612.62,
2018-03-28,7942.72,,2605.0,
2018-03-29,7079.99,,2640.87,
2018-03-30,6848.01,,,
2018-03-31,6928.5,,,
2018-04-01,6816.01,482.0,,1.76
2018-04-02,7045.01,,2581.88,
2018-04-03,7424.9,,2614.45,
2018-04-04,6791.68,,2644.69,
2018-04-05,6785.85,,2662.84,
2018-04-06,6619.01,,2604.47,
2018-04-07,6894.01,,,
2018-04-08,7020.01,,,
2018-04-09,6771.13,,2613.16,
2018-04-10,6824.99,,2656.87,
2018-04-11,6942.99,,2642.19,
2018-04-12,7916.0,,2663.99,
2018-04-13,7893.19,,2656.3,
2018-04-14,8003.11,,,
2018-04-15,8355.25,,,
2018-04-16,8048.93,,2677.84,
2018-04-17,7892.1,,2706.39,
2018-04-18,8152.05,,2708.64,
2018-04-19,8274.0,,2693.13,
2018-04-20,8866.27,,2670.14,
2018-04-21,8915.42,,,
2018-04-22,8795.01,,,
2018-04-23,8931.3,,2670.29,
2018-04-24,9650.0,,2634.56,
2018-04-25,8865.98,,2639.4,
2018-04-26,9272.11,,2666.94,
2018-04-27,8922.55,,2669.91,
2018-04-28,9329.99,,,
2018-04-29,9389.01,,,
2018-04-30,9243.82,,2648.05,
2018-05-01,9072.29,473.7,2654.8,1.86
2018-05-02,9190.48,,2635.67,
2018-05-03,9725.74,,2629.73,
2018-05-04,9685.0,,2663.42,
2018-05-05,9800.0,,,
2018-05-06,9600.0,,,
2018-05-07,9356.25,,2672.63,
2018-05-08,9177.81,,2671.92,
2018-05-09,9300.08,,2697.79,
2018-05-10,9010.51,,2723.07,
2018-05-11,8403.33,,2727.72,
2018-05-12,8475.0,,,
2018-05-13,8686.1,,,
2018-05-14,8670.0,,2730.13,
2018-05-15,8477.46,,2711.45,
2018-05-16,8344.0,,2722.46,
2018-05-17,8059.0,,2720.13,
2018-05-18,8238.51,,2712.97,
2018-05-19,8235.6,,,
2018-05-20,8516.86,,,
2018-05-21,8393.44,,2733.01,
2018-05-22,7987.7,,2724.44,
2018-05-23,7505.0,,2733.29,
2018-05-24,7584.15,,2727.76,
2018-05-25,7459.11,,2721.33,
2018-05-26,7337.95,,,
2018-05-27,7346.64,,,
2018-05-28,7107.94,,,
2018-05-29,7460.0,,2689.86,
2018-05-30,7380.01,,2724.01,
2018-05-31,7485.0,,2705.27,
2018-06-01,7514.32,469.0,2734.62,1.9
2018-06-02,7636.42,,,
2018-06-03,7706.37,,,
2018-06-04,7487.37,,2746.87,
2018-06-05,7612.51,,2748.8,
2018-06-06,7655.0,,2772.35,
2018-06-07,7684.93,,2770.37,
2018-06-08,7618.83,,2779.03,
2018-06-09,7496.4,,,
2018-06-10,6770.31,,,
2018-06-11,6881.0,,2782.0,
2018-06-12,6544.99,,2786.85,
2018-06-13,6302.32,,2775.63,
2018-06-14,6638.49,,2782.49,
2018-06-15,6391.22,,2779.66,
2018-06-16,6484.29,,,
2018-06-17,6447.16,,,
2018-06-18,6709.02,,2773.75,
2018-06-19,6736.41,,2762.59,
2018-06-20,6756.1,,2767.32,
2018-06-21,6719.01,,2749.76,
2018-06-22,6059.82,,2754.88,
2018-06-23,6178.29,,,
2018-06-24,6149.99,,,
2018-06-25,6246.01,,2717.07,
2018-06-26,6074.0,,2723.06,
2018-06-27,6132.17,,2699.63,
2018-06-28,5851.66,,2716.31,
2018-06-29,6202.36,,2718.37,
2018-06-30,6383.19,,,
2018-07-01,6349.5,453.1,,1.96
2018-07-02,6611.79,,2726.71,
2018-07-03,6502.62,,2713.22,
2018-07-04,6587.47,,,
2018-07-05,6532.95,,2736.61,
2018-07-06,6600.0,,2759.82,
2018-07-07,6753.28,,,
2018-07-08,6701.97,,,
2018-07-09,6664.01,,2784.17,
2018-07-10,6303.7,,2793.84,
2018-07-11,6390.04,,2774.02,
2018-07-12,6249.75,,2798.29,
2018-07-13,6216.29,,2801.31,
2018-07-14,6248.65,,,
2018-07-15,6348.73,,,
2018-07-16,6728.81,,2798.43,
2018-07-17,7315.01,,2809.55,
2018-07-18,7378.99,,2815.62,
2018-07-19,7470.01,,2804.49,
2018-07-20,7334.46,,2801.83,
2018-07-21,7408.0,,,
2018-07-22,7397.8,,,
2018-07-23,7720.09,,2806.98,
2018-07-24,8385.5,,2820.4,
2018-07-25,8157.15,,2846.07,
2018-07-26,7931.99,,2837.44,
2018-07-27,8184.21,,2818.82,
2018-07-28,8228.9,,,
2018-07-29,8216.34,,,
2018-07-30,8170.01,,2802.6,
2018-07-31,7727.27,,2816.29,
2018-08-01,7603.99,440.8,2813.36,2.03
2018-08-02,7533.92,,2827.22,
2018-08-03,7414.08,,2840.35,
2018-08-04,7005.0,,,
2018-08-05,7030.01,,,
2018-08-06,6938.0,,2850.4,
2018-08-07,6718.22,,2858.45,
2018-08-08,6282.5,,2857.7,
2018-08-09,6546.45,,2853.58,
2018-08-10,6146.01,,2833.28,
2018-08-11,6235.56,,,
2018-08-12,6316.01,,,
2018-08-13,6253.67,,2821.93,
2018-08-14,6195.01,,2839.96,
2018-08-15,6269.01,,2818.37,
2018-08-16,6315.9,,2840.69,
2018-08-17,6585.49,,2850.13,
2018-08-18,6396.64,,,
2018-08-19,6489.53,,,
2018-08-20,6258.74,,2857.05,
2018-08-21,6475.89,,2862.96,
2018-08-22,6359.99,,2861.82,
2018-08-23,6526.36,,2856.98,
2018-08-24,6690.88,,2874.69,
2018-08-25,6737.52,,,
2018-08-26,6709.98,,,
2018-08-27,6911.9,,2896.74,
2018-08-28,7071.01,,2897.52,
2018-08-29,7030.9,,2914.04,
2018-08-30,6983.0,,2901.13,
2018-08-31,7015.01,,2901.52,
2018-09-01,7191.08,433.5,,2.13
2018-09-02,7295.0,,,
2018-09-03,7256.98,,,
2018-09-04,7360.0,,2896.72,
2018-09-05,6687.96,,2888.6,
2018-09-06,6495.0,,2878.05,
2018-09-07,6395.01,,2871.68,
2018-09-08,6188.0,,,
2018-09-09,6235.01,,,
2018-09-10,6300.0,,2877.13,
2018-09-11,6282.53,,2887.89,
2018-09-12,6326.0,,2888.92,
2018-09-13,6485.99,,2904.18,
2018-09-14,6478.04,,2904.98,
2018-09-15,6518.68,,,
2018-09-16,6498.0,,,
2018-09-17,6250.7,,2888.8,
2018-09-18,6335.7,,2904.31,
2018-09-19,6386.94,,2907.95,
2018-09-20,6493.11,,2930.75,
2018-09-21,6750.0,,2929.67,
2018-09-22,6707.33,,,
2018-09-23,6696.99,,,
2018-09-24,6582.09,,2919.37,
2018-09-25,6436.89,,2915.56,
2018-09-26,6455.66,,2905.97,
2018-09-27,6680.01,,2914.0,
2018-09-28,6620.01,,2913.98,
2018-09-29,6581.0,,,
2018-09-30,6605.0,,,
2018-10-01,6572.83,434.5,2924.59,2.25
2018-10-02,6498.46,,2923.43,
2018-10-03,6466.03,,2925.51,
2018-10-04,6547.45,,2901.61,
2018-10-05,6593.94,,2885.57,
2018-10-06,6552.43,,,
2018-10-07,6570.0,,,
2018-10-08,6608.07,,2884.43,
2018-10-09,6589.48,,2880.34,
2018-10-10,6524.56,,2785.68,
2018-10-11,6154.69,,2728.37,
2018-10-12,6188.01,,2767.13,
2018-10-13,6196.0,,,
2018-10-14,6183.49,,,
2018-10-15,6440.42,,2750.79,
2018-10-16,6457.11,,2809.92,
2018-10-17,6443.7,,2809.21,
2018-10-18,6394.96,,2768.78,
2018-10-19,6382.99,,2767.78,
2018-10-20,6414.0,,,
2018-10-21,6415.88,,,
2018-10-22,6407.65,,2755.88,
2018-10-23,6395.14,,2740.69,
2018-10-24,6415.98,,2656.1,
2018-10-25,6395.58,,2705.57,
2018-10-26,6404.87,,2658.69,
2018-10-27,6409.12,,,
2018-10-28,6403.62,,,
2018-10-29,6266.0,,2641.25,
2018-10-30,6267.63,,2682.63,
2018-10-31,6304.18,,2711.74,
2018-11-01,6344.0,444.0,2740.37,2.33
2018-11-02,6349.8,,2723.06,
2018-11-03,6331.96,,,
2018-11-04,6423.28,,,
2018-11-05,6404.0,,2738.31,
2018-11-06,6448.5,,2755.45,
2018-11-07,6503.12,,2813.89,
2018-11-08,6406.24,,2806.83,
2018-11-09,6334.89,,2781.01,
2018-11-10,6347.42,,,
2018-11-11,6357.6,,,
2018-11-12,6327.87,,2726.22,
2018-11-13,6259.34,,2722.18,
2018-11-14,5605.46,,2701.58,
2018-11-15,5579.52,,2730.2,
2018-11-16,5512.24,,2736.27,
2018-11-17,5504.17,,,
2018-11-18,5560.0,,,
2018-11-19,4733.5,,2690.73,
2018-11-20,4349.23,,2641.89,
2018-11-21,4545.11,,2649.93,
2018-11-22,4265.36,,,
2018-11-23,4283.8,,2632.56,
2018-11-24,3774.99,,,
2018-11-25,3936.69,,,
2018-11-26,3731.32,,2673.45,
2018-11-27,3775.0,,2682.17,
2018-11-28,4225.03,,2743.79,
2018-11-29,4248.0,,2737.76,
2018-11-30,3976.0,,2760.17,
2018-12-01,4142.01,448.7,,2.37
2018-12-02,4103.19,,,
2018-12-03,3833.47,,2790.37,
2018-12-04,3901.84,,2700.06,
2018-12-05,3694.39,,,
2018-12-06,3433.26,,2695.95,
2018-12-07,3380.01,,2633.08,
2018-12-08,3401.0,,,
2018-12-09,3531.18,,,
2018-12-10,3410.15,,2637.72,
2018-12-11,3349.36,,2636.78,
2018-12-12,3430.24,,2651.07,
2018-12-13,3265.0,,2650.54,
2018-12-14,3195.71,,2599.95,
2018-12-15,3183.0,,,
2018-12-16,3195.0,,,
2018-12-17,3496.82,,2545.94,
2018-12-18,3667.77,,2546.16,
2018-12-19,3682.51,,2506.96,
2018-12-20,4075.34,,2467.42,
2018-12-21,3839.06,,2416.62,
2018-12-22,3980.46,,,
2018-12-23,3944.93,,,
2018-12-24,4034.0,,2351.1,
2018-12-25,3780.0,,,
2018-12-26,3809.88,,2467.7,
2018-12-27,3589.89,,2488.83,
2018-12-28,3888.06,,2485.74,
2018-12-29,3729.31,,,
2018-12-30,3829.0,,,
2018-12-31,3691.86,,2506.85,
2019-01-01,3826.1,464.4,,2.37
2019-01-02,3890.79,,2510.03,
2019-01-03,3787.57,,2447.89,
2019-01-04,3820.25,,2531.94,
2019-01-05,3798.62,,,
2019-01-06,4040.99,,,
2019-01-07,4006.01,,2549.69,
2019-01-08,3993.86,,2574.41,
2019-01-09,4004.12,,2584.96,
2019-01-10,3626.12,,2596.64,
2019-01-11,3635.69,,2596.26,
2019-01-12,3619.41,,,
2019-01-13,3514.24,,,
2019-01-14,3664.19,,2582.61,
2019-01-15,3580.76,,2610.3,
2019-01-16,3609.71,,2616.1,
2019-01-17,3640.65,,2635.96,
2019-01-18,3607.85,,2670.71,
2019-01-19,3682.65,,,
2019-01-20,3536.19,,,
2019-01-21,3531.76,,,
2019-01-22,3577.03,,2632.9,
2019-01-23,3553.01,,2638.7,
2019-01-24,3568.97,,2642.33,
2019-01-25,3562.17,,2664.76,
2019-01-26,3556.07,,,
2019-01-27,3531.02,,,
2019-01-28,3429.95,,2643.85,
2019-01-29,3397.42,,2640.0,
2019-01-30,3437.55,,2681.05,
2019-01-31,3411.5,,2704.1,
2019-02-01,3437.5,475.9,2706.53,2.39
2019-02-02,3468.43,,,
2019-02-03,3414.78,,,
2019-02-04,3409.57,,2724.87,
2019-02-05,3428.4,,2737.7,
2019-02-06,3367.36,,2731.61,
2019-02-07,3359.0,,2706.05,
2019-02-08,3621.99,,2707.88,
2019-02-09,3623.73,,,
2019-02-10,3648.84,,,
2019-02-11,3590.36,,2709.8,
2019-02-12,3588.06,,2744.73,
2019-02-13,3576.68,,2753.03,
2019-02-14,3561.5,,2745.73,
2019-02-15,3566.59,,2775.6,
2019-02-16,3582.37,,,
2019-02-17,3625.08,,,
2019-02-18,3867.0,,,
2019-02-19,3888.01,,2779.76,
2019-02-20,3938.99,,2784.7,
2019-02-21,3897.71,,2774.88,
2019-02-22,3942.02,,2792.67,
2019-02-23,4110.0,,,
2019-02-24,3734.22,,,
2019-02-25,3818.79,,2796.11,
2019-02-26,3799.48,,2793.9,
2019-02-27,3799.91,,2792.38,
2019-02-28,3792.14,,2784.49,
2019-03-01,3806.17,467.3,2803.69,2.4
2019-03-02,3809.7,,,
2019-03-03,3786.93,,,
2019-03-04,3700.72,,2792.81,
2019-03-05,3844.59,,2789.65,
2019-03-06,3851.89,,2771.45,
2019-03-07,3857.05,,2748.93,
2019-03-08,3843.12,,2743.07,
2019-03-09,3917.0,,,
2019-03-10,3900.93,,,
2019-03-11,3849.68,,2783.3,
2019-03-12,3860.0,,2791.52,
2019-03-13,3851.02,,2810.92,
2019-03-14,3853.95,,2808.48,
2019-03-15,3902.8,,2822.48,
2019-03-16,3990.0,,,
2019-03-17,3967.01,,,
2019-03-18,3970.5,,2832.94,
2019-03-19,4000.85,,2832.57,
2019-03-20,4031.85,,2824.23,
2019-03-21,3972.76,,2854.88,
2019-03-22,3983.78,,2800.71,
2019-03-23,3983.43,,,
2019-03-24,3969.52,,,
2019-03-25,3907.53,,2798.36,
2019-03-26,3921.45,,2818.46,
2019-03-27,4026.53,,2805.37,
2019-03-28,4011.17,,2815.44,
2019-03-29,4091.01,,2834.4,
2019-03-30,4094.14,,,
2019-03-31,4094.99,,,
2019-04-01,4137.0,467.4,2867.19,2.38
2019-04-02,4901.93,,2867.24,
2019-04-03,4975.97,,2873.4,
2019-04-04,4906.49,,2879.39,
2019-04-05,5040.66,,2892.74,
2019-04-06,5049.22,,,
2019-04-07,5194.79,,,
2019-04-08,5285.54,,2895.77,
2019-04-09,5187.21,,2878.2,
2019-04-10,5318.58,,2888.21,
2019-04-11,5041.3,,2888.32,
2019-04-12,5078.19,,2907.41,
2019-04-13,5066.22,,,
2019-04-14,5164.27,,,
2019-04-15,5029.99,,2905.58,
2019-04-16,5202.9,,2907.06,
2019-04-17,5227.0,,2900.45,
2019-04-18,5280.49,,2905.03,
2019-04-19,5290.36,,,
2019-04-20,5319.89,,,
2019-04-21,5297.64,,,
2019-04-22,5387.6,,2907.97,
2019-04-23,5532.75,,2933.68,
2019-04-24,5441.9,,2927.25,
2019-04-25,5134.81,,2926.17,
2019-04-26,5159.51,,2939.88,
2019-04-27,5170.6,,,
2019-04-28,5155.0,,,
2019-04-29,5148.25,,2943.03,
2019-04-30,5270.69,,2945.83,
2019-05-01,5321.15,463.7,2923.73,2.35
2019-05-02,5390.01,,2917.52,
2019-05-03,5657.4,,2945.64,
2019-05-04,5770.01,,,
2019-05-05,5715.86,,,
2019-05-06,5687.9,,2932.47,
2019-05-07,5748.45,,2884.05,
2019-05-08,5948.41,,2879.42,
2019-05-09,6153.09,,2870.72,
2019-05-10,6343.14,,2881.4,
2019-05-11,7219.95,,,
2019-05-12,6979.76,,,
2019-05-13,7824.93,,2811.87,
2019-05-14,7990.92,,2834.41,
2019-05-15,8203.32,,2850.96,
2019-05-16,7878.96,,2876.32,
2019-05-17,7363.69,,2859.53,
2019-05-18,7262.4,,,
2019-05-19,8200.0,,,
2019-05-20,7999.54,,2840.23,
2019-05-21,7951.7,,2864.36,
2019-05-22,7626.48,,2856.27,
2019-05-23,7881.98,,2822.24,
2019-05-24,7994.88,,2826.06,
2019-05-25,8067.41,,,
2019-05-26,8760.03,,,
2019-05-27,8783.25,,,
2019-05-28,8686.5,,2802.39,
2019-05-29,8660.5,,2783.02,
2019-05-30,8273.57,,2788.86,
2019-05-31,8550.18,,2752.06,
2019-06-01,8558.01,481.8,,2.17
2019-06-02,8741.17,,,
2019-06-03,8015.01,,2744.45,
2019-06-04,7688.26,,2803.27,
2019-06-05,7766.91,,2826.15,
2019-06-06,7812.15,,2843.49,
2019-06-07,7992.17,,2873.34,
2019-06-08,7938.64,,,
2019-06-09,7623.84,,,
2019-06-10,8046.13,,2886.73,
2019-06-11,7918.2,,2885.72,
2019-06-12,8169.01,,2879.84,
2019-06-13,8256.0,,2891.64,
2019-06-14,8693.98,,2886.98,
2019-06-15,8861.33,,,
2019-06-16,8996.95,,,
2019-06-17,9346.47,,2889.67,
2019-06-18,9089.99,,2917.75,
2019-06-19,9283.99,,2926.46,
2019-06-20,9542.6,,2954.18,
2019-06-21,10175.88,,2950.46,
2019-06-22,10658.3,,,
2019-06-23,10808.53,,,
2019-06-24,11040.03,,2945.35,
2019-06-25,11736.99,,2917.38,
2019-06-26,12902.52,,2913.78,
2019-06-27,11127.4,,2924.92,
2019-06-28,12317.73,,2941.76,
2019-06-29,11913.73,,,
2019-06-30,10778.74,,,
2019-07-01,10570.62,506.1,2964.33,2.1
2019-07-02,10885.01,,2973.01,
2019-07-03,12022.61,,2995.82,
2019-07-04,11130.95,,,
2019-07-05,11038.61,,2990.41,
2019-07-06,11187.8,,,
2019-07-07,11478.9,,,
2019-07-08,12298.31,,2975.95,
2019-07-09,12559.46,,2979.63,
2019-07-10,12083.13,,2993.07,
2019-07-11,11323.95,,2999.91,
2019-07-12,11811.99,,3013.77,
2019-07-13,11408.1,,,
2019-07-14,10190.36,,,
2019-07-15,10855.56,,3014.3,
2019-07-16,9436.0,,3004.04,
2019-07-17,9708.55,,2984.42,
2019-07-18,10654.25,,2995.11,
2019-07-19,10548.04,,2976.61,
2019-07-20,10754.92,,,
2019-07-21,10633.54,,,
2019-07-22,10304.64,,2985.03,
2019-07-23,9833.19,,3005.47,
2019-07-24,9751.24,,3019.56,
2019-07-25,9880.67,,3003.67,
2019-07-26,9841.96,,3025.86,
2019-07-27,9468.92,,,
2019-07-28,9549.7,,,
2019-07-29,9503.32,,3020.97,
2019-07-30,9580.0,,3013.18,
2019-07-31,10099.0,,2980.38,
2019-08-01,10417.24,537.7,2953.56,1.95
2019-08-02,10533.07,,2932.05,
2019-08-03,10820.75,,,
2019-08-04,10997.82,,,
2019-08-05,11775.14,,2844.74,
2019-08-06,11440.08,,2881.77,
2019-08-07,12014.41,,2883.98,
2019-08-08,12017.89,,2938.09,
2019-08-09,11889.0,,2918.65,
2019-08-10,11283.82,,,
2019-08-11,11531.95,,,
2019-08-12,11387.38,,2883.75,
2019-08-13,10855.58,,2926.32,
2019-08-14,10105.34,,2840.6,
2019-08-15,10280.96,,2847.6,
2019-08-16,10368.83,,2888.68,
2019-08-17,10218.37,,,
2019-08-18,10309.04,,,
2019-08-19,10935.67,,2923.65,
2019-08-20,10770.99,,2900.51,
2019-08-21,10137.75,,2924.43,
2019-08-22,10088.89,,2922.95,
2019-08-23,10415.01,,2847.11,
2019-08-24,10156.0,,,
2019-08-25,10148.5,,,
2019-08-26,10373.75,,2878.38,
2019-08-27,10170.16,,2869.16,
2019-08-28,9710.38,,2887.94,
2019-08-29,9525.0,,2924.58,
2019-08-30,9580.6,,2926.46,
2019-08-31,9593.95,,,
2019-09-01,9769.64,554.7,,1.89
2019-09-02,10405.05,,,
2019-09-03,10628.46,,2906.27,
2019-09-04,10585.67,,2937.78,
2019-09-05,10574.27,,2976.0,
2019-09-06,10318.8,,2978.71,
2019-09-07,10484.87,,,
2019-09-08,10395.17,,,
2019-09-09,10310.01,,2978.43,
2019-09-10,10090.01,,2979.39,
2019-09-11,10169.49,,3000.93,
2019-09-12,10437.19,,3009.57,
2019-09-13,10381.91,,3007.39,
2019-09-14,10360.2,,,
2019-09-15,10306.65,,,
2019-09-16,10268.77,,2997.96,
2019-09-17,10185.14,,3005.7,
2019-09-18,10155.26,,3006.73,
2019-09-19,10304.94,,3006.79,
2019-09-20,10168.44,,2992.07,
2019-09-21,9982.39,,,
2019-09-22,10035.0,,,
2019-09-23,9683.89,,2991.78,
2019-09-24,8556.43,,2966.6,
2019-09-25,8446.57,,2984.87,
2019-09-26,8063.0,,2977.62,
2019-09-27,8193.98,,2961.79,
2019-09-28,8228.22,,,
2019-09-29,8063.06,,,
2019-09-30,8305.14,,2976.74,
2019-10-01,8323.43,541.5,2940.25,1.65
2019-10-02,8396.0,,2887.61,
2019-10-03,8241.25,,2910.63,
2019-10-04,8159.71,,2952.01,
2019-10-05,8152.99,,,
2019-10-06,7862.67,,,
2019-10-07,8224.82,,2938.79,
2019-10-08,8186.73,,2893.06,
2019-10-09,8600.0,,2919.4,
2019-10-10,8589.01,,2938.13,
2019-10-11,8263.64,,2970.27,
2019-10-12,8304.1,,,
2019-10-13,8280.01,,,
2019-10-14,8363.0,,2966.15,
2019-10-15,8156.52,,2995.68,
2019-10-16,7993.0,,2989.69,
2019-10-17,8077.0,,2997.95,
2019-10-18,7954.16,,2986.2,
2019-10-19,7965.27,,,
2019-10-20,8235.44,,,
2019-10-21,8214.58,,3006.72,
2019-10-22,8008.04,,2995.99,
2019-10-23,7473.42,,3004.52,
2019-10-24,7439.29,,3010.29,
2019-10-25,8704.85,,3022.55,
2019-10-26,9281.27,,,
2019-10-27,9570.58,,,
2019-10-28,9221.96,,3039.42,
2019-10-29,9431.27,,3036.89,
2019-10-30,9175.77,,3046.77,
2019-10-31,9146.75,,3037.56,
2019-11-01,9268.0,539.2,3066.91,1.54
2019-11-02,9320.0,,,
2019-11-03,9215.01,,,
2019-11-04,9414.0,,3078.27,
2019-11-05,9314.99,,3074.62,
2019-11-06,9343.11,,3076.78,
2019-11-07,9196.71,,3085.18,
2019-11-08,8758.69,,3093.08,
2019-11-09,8798.38,,,
2019-11-10,9036.82,,,
2019-11-11,8720.61,,3087.01,
2019-11-12,8823.65,,3091.84,
2019-11-13,8765.61,,3094.04,
2019-11-14,8630.01,,3096.63,
2019-11-15,8460.0,,3120.46,
2019-11-16,8488.0,,,
2019-11-17,8500.01,,,
2019-11-18,8160.73,,3122.03,
2019-11-19,8123.36,,3120.18,
2019-11-20,8082.96,,3108.46,
2019-11-21,7618.76,,3103.54,
2019-11-22,7296.45,,3110.29,
2019-11-23,7338.92,,,
2019-11-24,6906.25,,,
2019-11-25,7125.0,,3133.64,
2019-11-26,7155.0,,3140.52,
2019-11-27,7539.4,,3153.63,
2019-11-28,7413.05,,,
2019-11-29,7751.29,,3140.98,
2019-11-30,7551.7,,,
2019-12-01,7413.84,533.9,,1.54
2019-12-02,7315.09,,3113.87,
2019-12-03,7296.0,,3093.2,
2019-12-04,7185.57,,3112.76,
2019-12-05,7388.75,,3117.43,
2019-12-06,7560.76,,3145.91,
2019-12-07,7502.2,,,
2019-12-08,7520.0,,,
2019-12-09,7332.69,,3135.96,
2019-12-10,7215.69,,3132.52,
2019-12-11,7275.17,,3141.63,
2019-12-12,7194.19,,3168.57,
2019-12-13,7249.25,,3168.8,
2019-12-14,7059.55,,,
2019-12-15,7111.0,,,
2019-12-16,6877.04,,3191.45,
2019-12-17,6618.62,,3192.52,
2019-12-18,7309.12,,3191.14,
2019-12-19,7153.99,,3205.37,
2019-12-20,7189.87,,3221.22,
2019-12-21,7143.01,,,
2019-12-22,7550.0,,,
2019-12-23,7318.18,,3224.01,
2019-12-24,7259.87,,3223.38,
2019-12-25,7194.76,,,
2019-12-26,7195.0,,3239.91,
2019-12-27,7247.35,,3240.02,
2019-12-28,7303.7,,,
2019-12-29,7378.53,,,
2019-12-30,7191.0,,3221.29,
2019-12-31,7158.01,,3230.78,
2020-01-01,7174.32,555.0,,1.52
2020-01-02,6945.01,,3257.85,
2020-01-03,7335.54,,3234.85,
2020-01-04,7353.5,,,
2020-01-05,7348.69,,,
2020-01-06,7773.48,,3246.28,
2020-01-07,8169.95,,3237.18,
2020-01-08,8035.08,,3253.05,
2020-01-09,7813.78,,3274.7,
2020-01-10,8183.89,,3265.35,
2020-01-11,8002.89,,,
2020-01-12,8192.66,,,
2020-01-13,8109.62,,3288.13,
2020-01-14,8757.18,,3283.15,
2020-01-15,8831.86,,3289.29,
2020-01-16,8727.22,,3316.81,
2020-01-17,8875.81,,3329.62,
2020-01-18,8901.0,,,
2020-01-19,8710.41,,,
2020-01-20,8633.67,,,
2020-01-21,8730.0,,3320.79,
2020-01-22,8665.0,,3321.75,
2020-01-23,8386.63,,3325.54,
2020-01-24,8424.96,,3295.47,
2020-01-25,8304.04,,,
2020-01-26,8632.92,,,
2020-01-27,8903.24,,3243.63,
2020-01-28,9417.64,,3276.24,
2020-01-29,9270.0,,3273.4,
2020-01-30,9493.61,,3283.66,
2020-01-31,9343.28,,3225.52,
2020-02-01,9375.06,568.1,,1.52
2020-02-02,9314.06,,,
2020-02-03,9282.29,,3248.92,
2020-02-04,9158.57,,3297.59,
2020-02-05,9623.44,,3334.69,
2020-02-06,9765.96,,3345.78,
2020-02-07,9804.98,,3327.71,
2020-02-08,9911.13,,,
2020-02-09,10174.81,,,
2020-02-10,9854.5,,3352.09,
2020-02-11,10279.99,,3357.75,
2020-02-12,10344.01,,3379.45,
2020-02-13,10239.57,,3373.94,
2020-02-14,10380.0,,3380.16,
2020-02-15,9901.34,,,
2020-02-16,9915.04,,,
2020-02-17,9711.95,,,
2020-02-18,10191.51,,3370.29,
2020-02-19,9591.54,,3386.15,
2020-02-20,9610.05,,3373.23,
2020-02-21,9697.01,,3337.75,
2020-02-22,9668.26,,,
2020-02-23,9964.16,,,
2020-02-24,9668.08,,3225.89,
2020-02-25,9301.01,,3128.21,
2020-02-26,8776.01,,3116.39,
2020-02-27,8816.71,,2978.76,
2020-02-28,8713.16,,2954.22,
2020-02-29,8552.08,,,
2020-03-01,8490.3,595.4,,0.29
2020-03-02,8923.52,,3090.23,
2020-03-03,8769.67,,3003.37,
2020-03-04,8765.0,,3130.12,
2020-03-05,9053.56,,3023.94,
2020-03-06,9162.98,,2972.37,
2020-03-07,8885.68,,,
2020-03-08,8068.0,,,
2020-03-09,7945.03,,2746.56,
2020-03-10,7887.01,,2882.23,
2020-03-11,7957.02,,2741.38,
2020-03-12,4980.0,,2480.64,
2020-03-13,5592.77,,2711.02,
2020-03-14,5182.62,,,
2020-03-15,5327.12,,,
2020-03-16,5074.2,,2386.13,
2020-03-17,5361.77,,2529.19,
2020-03-18,5426.71,,2398.1,
2020-03-19,6219.99,,2409.39,
2020-03-20,6215.4,,2304.92,
2020-03-21,6168.72,,,
2020-03-22,5791.69,,,
2020-03-23,6583.38,,2237.4,
2020-03-24,6742.21,,2447.33,
2020-03-25,6752.83,,2475.56,
2020-03-26,6772.2,,2630.07,
2020-03-27,6320.46,,2541.47,
2020-03-28,6269.81,,,
2020-03-29,5897.55,,,
2020-03-30,6401.26,,2626.65,
2020-03-31,6434.73,,2584.59,
2020-04-01,6719.39,583.4,2470.5,0.14
2020-04-02,6789.84,,2526.9,
2020-04-03,6727.99,,2488.65,
2020-04-04,6896.6,,,
2020-04-05,6779.75,,,
2020-04-06,7320.07,,2663.68,
2020-04-07,7204.58,,2659.41,
2020-04-08,7343.65,,2749.98,
2020-04-09,7294.69,,2789.82,
2020-04-10,6892.54,,,
2020-04-11,6891.43,,,
2020-04-12,6860.97,,,
2020-04-13,6871.0,,2761.63,
2020-04-14,6865.72,,2846.06,
2020-04-15,6576.76,,2783.36,
2020-04-16,7123.29,,2799.55,
2020-04-17,7055.22,,2874.56,
2020-04-18,7271.53,,,
2020-04-19,7125.31,,,
2020-04-20,6832.57,,2823.16,
2020-04-21,6845.0,,2736.56,
2020-04-22,7143.99,,2799.31,
2020-04-23,7479.06,,2797.8,
2020-04-24,7514.64,,2836.74,
2020-04-25,7535.69,,,
2020-04-26,7765.79,,,
2020-04-27,7773.0,,2878.48,
2020-04-28,7774.39,,2863.39,
2020-04-29,8789.1,,2939.51,
2020-04-30,8652.3,,2912.43,
2020-05-01,8813.9,617.3,2830.71,0.13
2020-05-02,8992.0,,,
2020-05-03,8917.63,,,
2020-05-04,8900.29,,2842.74,
2020-05-05,9037.69,,2868.44,
2020-05-06,9132.24,,2848.42,
2020-05-07,10007.56,,2881.19,
2020-05-08,9790.23,,2929.8,
2020-05-09,9554.91,,,
2020-05-10,8773.89,,,
2020-05-11,8557.37,,2930.32,
2020-05-12,8809.14,,2870.12,
2020-05-13,9335.84,,2820.0,
2020-05-14,9815.22,,2852.5,
2020-05-15,9331.18,,2863.7,
2020-05-16,9353.26,,,
2020-05-17,9700.33,,,
2020-05-18,9733.21,,2953.91,
2020-05-19,9783.91,,2922.94,
2020-05-20,9497.76,,2971.61,
2020-05-21,9039.12,,2948.51,
2020-05-22,9173.23,,2955.45,
2020-05-23,9166.02,,,
2020-05-24,8673.64,,,
2020-05-25,8892.39,,,
2020-05-26,8836.77,,2991.77,
2020-05-27,9200.0,,3036.13,
2020-05-28,9593.72,,3029.73,
2020-05-29,9426.87,,3044.31,
2020-05-30,9684.6,,,
2020-05-31,9435.8,,,
2020-06-01,10212.38,620.8,3055.73,0.16
2020-06-02,9509.35,,3080.82,
2020-06-03,9672.67,,3122.87,
2020-06-04,9799.57,,3112.35,
2020-06-05,9568.95,,3193.93,
2020-06-06,9665.36,,,
2020-06-07,9764.0,,,
2020-06-08,9833.94,,3232.39,
2020-06-09,9778.6,,3207.18,
2020-06-10,9899.18,,3190.14,
2020-06-11,9258.7,,3002.1,
2020-06-12,9466.77,,3041.31,
2020-06-13,9477.17,,,
2020-06-14,9315.71,,,
2020-06-15,9437.23,,3066.59,
2020-06-16,9534.8,,3124.74,
2020-06-17,9460.53,,3113.49,
2020-06-18,9368.15,,3115.34,
2020-06-19,9285.54,,3097.74,
2020-06-20,9361.81,,,
2020-06-21,9279.68,,,
2020-06-22,9700.91,,3117.86,
2020-06-23,9623.74,,3131.29,
2020-06-24,9284.1,,3050.33,
2020-06-25,9232.84,,3083.76,
2020-06-26,9157.22,,3009.05,
2020-06-27,9001.24,,,
2020-06-28,9122.56,,,
2020-06-29,9191.05,,3053.24,
2020-06-30,9129.47,,3100.29,
2020-07-01,9239.09,642.6,3115.86,0.13
2020-07-02,9088.54,,3130.01,
2020-07-03,9050.05,,,
2020-07-04,9138.22,,,
2020-07-05,9088.52,,,
2020-07-06,9331.69,,3179.72,
2020-07-07,9263.56,,3145.32,
2020-07-08,9436.01,,3169.94,
2020-07-09,9230.48,,3152.05,
2020-07-10,9298.16,,3185.04,
2020-07-11,9235.0,,,
2020-07-12,9313.77,,,
2020-07-13,9230.14,,3155.22,
2020-07-14,9258.34,,3197.52,
2020-07-15,9194.51,,3226.56,
2020-07-16,9130.91,,3215.57,
2020-07-17,9147.65,,3224.73,
2020-07-18,9174.6,,,
2020-07-19,9221.71,,,
2020-07-20,9161.13,,3251.84,
2020-07-21,9396.65,,3257.3,
2020-07-22,9546.31,,3276.02,
2020-07-23,9612.05,,3235.66,
2020-07-24,9553.41,,3215.63,
2020-07-25,9709.02,,,
2020-07-26,9944.58,,,
2020-07-27,11108.44,,3239.41,
2020-07-28,10952.85,,3218.44,
2020-07-29,11100.39,,3258.44,
2020-07-30,11139.67,,3246.22,
2020-07-31,11372.76,,3271.12,
2020-08-01,11805.82,730.8,,0.1
2020-08-02,11050.03,,,
2020-08-03,11235.44,,3294.61,
2020-08-04,11198.04,,3306.51,
2020-08-05,11737.59,,3327.77,
2020-08-06,11766.62,,3349.16,
2020-08-07,11598.96,,3351.28,
2020-08-08,11780.14,,,
2020-08-09,11692.76,,,
2020-08-10,11896.19,,3360.47,
2020-08-11,11387.01,,3333.69,
2020-08-12,11563.16,,3380.35,
2020-08-13,11824.99,,3373.43,
2020-08-14,11785.29,,3372.85,
2020-08-15,11854.27,,,
2020-08-16,11924.0,,,
2020-08-17,12325.1,,3381.99,
2020-08-18,11983.52,,3389.78,
2020-08-19,11764.8,,3374.85,
2020-08-20,11856.24,,3385.51,
2020-08-21,11526.32,,3397.16,
2020-08-22,11675.78,,,
2020-08-23,11650.03,,,
2020-08-24,11762.34,,3431.28,
2020-08-25,11324.86,,3443.62,
2020-08-26,11460.01,,3478.73,
2020-08-27,11341.73,,3484.55,
2020-08-28,11540.0,,3508.01,
2020-08-29,11468.56,,,
2020-08-30,11724.99,,,
2020-08-31,11665.93,,3500.31,
2020-09-01,11911.74,707.7,3526.65,0.11
2020-09-02,11390.12,,3580.84,
2020-09-03,10225.82,,3455.06,
2020-09-04,,,3426.96,
2020-09-05,10152.97,,,
2020-09-06,10255.2,,,
2020-09-07,10389.85,,,
2020-09-08,10123.21,,3331.84,
2020-09-09,10235.0,,3398.96,
2020-09-10,10345.95,,3339.19,
2020-09-11,10399.99,,3340.97,
2020-09-12,10444.01,,,
2020-09-13,10336.28,,,
2020-09-14,10679.33,,3383.54,
2020-09-15,10789.8,,3401.2,
2020-09-16,10953.38,,3385.49,
2020-09-17,10947.83,,3357.01,
2020-09-18,10942.2,,3319.47,
2020-09-19,11075.33,,,
2020-09-20,10911.59,,,
2020-09-21,10425.85,,3281.06,
2020-09-22,10529.01,,3315.57,
2020-09-23,10230.11,,3236.92,
2020-09-24,10741.0,,3246.59,
2020-09-25,10693.3,,3298.46,
2020-09-26,10730.23,,,
2020-09-27,10792.18,,,
2020-09-28,10681.01,,3351.6,
2020-09-29,10845.9,,3335.47,
2020-09-30,10783.24,,3363.0,
2020-10-01,10598.64,690.2,3380.8,0.1
2020-10-02,10577.92,,3348.44,
2020-10-03,10545.21,,,
2020-10-04,10662.36,,,
2020-10-05,10800.0,,3408.63,
2020-10-06,10594.15,,3360.95,
2020-10-07,10671.23,,3419.45,
2020-10-08,10926.71,,3446.83,
2020-10-09,11059.3,,3477.13,
2020-10-10,11303.56,,,
2020-10-11,11370.45,,,
2020-10-12,11534.83,,3534.22,
2020-10-13,11434.36,,3511.93,
2020-10-14,11426.87,,3488.67,
2020-10-15,11509.25,,3483.34,
2020-10-16,11329.33,,3483.81,
2020-10-17,11365.96,,,
2020-10-18,11516.56,,,
2020-10-19,11765.09,,3426.92,
2020-10-20,11917.34,,3443.12,
2020-10-21,12836.37,,3435.56,
2020-10-22,12977.02,,3453.49,
2020-10-23,12943.03,,3465.39,
2020-10-24,13120.87,,,
2020-10-25,13050.32,,,
2020-10-26,13072.95,,3400.97,
2020-10-27,13698.18,,3390.68,
2020-10-28,13280.0,,3271.03,
2020-10-29,13460.0,,3310.11,
2020-10-30,13582.97,,3269.96,
2020-10-31,13745.02,,,
2020-11-01,13784.52,694.6,,0.09
2020-11-02,13573.93,,3310.24,
2020-11-03,14050.59,,3369.16,
2020-11-04,14160.0,,3443.44,
2020-11-05,15636.6,,3510.45,
2020-11-06,15596.33,,3509.44,
2020-11-07,14814.62,,,
2020-11-08,15487.88,,,
2020-11-09,15334.37,,3550.5,
2020-11-10,15325.25,,3545.53,
2020-11-11,15723.81,,3572.66,
2020-11-12,16319.72,,3537.01,
2020-11-13,16339.59,,3585.15,
2020-11-14,16093.3,,,
2020-11-15,15946.64,,,
2020-11-16,16714.58,,3626.91,
2020-11-17,17660.9,,3609.53,
2020-11-18,17802.82,,3567.79,
2020-11-19,17804.44,,3581.87,
2020-11-20,18702.87,,3557.54,
2020-11-21,18710.14,,,
2020-11-22,18477.48,,,
2020-11-23,18391.21,,3577.59,
2020-11-24,19185.07,,3635.41,
2020-11-25,18706.15,,3629.65,
2020-11-26,17173.0,,,
2020-11-27,17156.99,,3638.35,
2020-11-28,17718.3,,,
2020-11-29,18238.52,,,
2020-11-30,19727.0,,3621.63,
2020-12-01,18763.35,658.5,3662.45,0.09
2020-12-02,19245.61,,3669.01,
2020-12-03,19430.07,,3666.72,
2020-12-04,18692.32,,3699.12,
2020-12-05,19156.82,,,
2020-12-06,19397.08,,,
2020-12-07,19202.88,,3691.96,
2020-12-08,18311.76,,3702.25,
2020-12-09,18550.01,,3672.82,
2020-12-10,18286.8,,3668.1,
2020-12-11,18048.14,,3663.46,
2020-12-12,18826.36,,,
2020-12-13,19133.04,,,
2020-12-14,19288.43,,3647.49,
2020-12-15,19451.34,,3694.62,
2020-12-16,21384.63,,3701.17,
2020-12-17,22830.34,,3722.48,
2020-12-18,23169.26,,3709.41,
2020-12-19,23814.91,,,
2020-12-20,23451.68,,,
2020-12-21,22777.26,,3694.92,
2020-12-22,23839.99,,3687.26,
2020-12-23,23196.57,,3690.01,
2020-12-24,23740.01,,3703.06,
2020-12-25,24736.42,,,
2020-12-26,26519.1,,,
2020-12-27,26320.06,,,
2020-12-28,27044.14,,3735.36,
2020-12-29,27407.85,,3727.04,
2020-12-30,28934.56,,3732.04,
2020-12-31,29026.97,,3756.07,
2021-01-01,29391.09,696.6,,0.08
2021-01-02,32244.73,,,
2021-01-03,33134.1,,,
2021-01-04,32127.31,,3700.65,
2021-01-05,34131.23,,3726.86,
2021-01-06,36979.81,,3748.14,
2021-01-07,39573.39,,3803.79,
2021-01-08,40666.72,,3824.68,
2021-01-09,40346.3,,,
2021-01-10,38242.02,,,
2021-01-11,35474.31,,3799.61,
2021-01-12,33968.43,,3801.19,
2021-01-13,37520.66,,3809.84,
2021-01-14,39171.12,,3795.54,
2021-01-15,36868.39,,3768.25,
2021-01-16,35869.47,,,
2021-01-17,35931.15,,,
2021-01-18,36765.97,,,
2021-01-19,35673.03,,3798.91,
2021-01-20,35570.44,,3851.85,
2021-01-21,30647.26,,3853.07,
2021-01-22,32885.51,,3841.47,
2021-01-23,32021.33,,,
2021-01-24,32250.01,,,
2021-01-25,31979.0,,3855.36,
2021-01-26,32579.82,,3849.62,
2021-01-27,30552.06,,3750.77,
2021-01-28,33484.8,,3787.38,
2021-01-29,34330.14,,3714.24,
2021-01-30,34229.25,,,
2021-01-31,33076.09,,,
2021-02-01,33457.6,661.7,3773.86,0.04
